ID,TEMP,HUM_AIRE,HUM_SUELO_1,HUM_SUELO_2,LUZ,GAS,RIEGO_1,RIEGO_2
1,28,70,45,48,320,120,0,0
2,29,68,42,47,300,130,0,0
3,31,65,38,43,250,145,1,0
4,33,60,35,40,220,180,1,0
5,30,63,40,44,270,140,0,0
6,27,72,47,50,340,115,0,0
7,28,71,46,49,330,118,0,0
8,32,64,37,42,240,160,1,0
9,34,58,33,38,200,190,1,1
10,29,67,41,45,290,135,0,0
11,28,70,44,48,315,122,0,0
12,30,65,39,43,260,148,0,0
13,31,63,37,41,245,155,1,0
14,33,61,34,39,215,175,1,0
15,27,73,48,51,345,112,0,0
16,26,75,50,53,360,108,0,0
17,29,68,43,46,295,132,0,0
18,32,62,36,41,235,165,1,0
19,30,66,40,44,265,143,0,0
20,28,69,45,48,318,121,0,0
21,31,64,38,42,248,152,1,0
22,34,59,32,37,195,195,1,1
23,29,67,42,46,288,137,0,0
24,27,71,47,50,338,116,0,0
25,30,65,40,43,262,146,0,0
26,32,63,36,40,238,162,1,0
27,28,70,44,47,312,124,0,0
28,31,65,38,42,252,150,0,0
29,33,61,35,39,218,172,1,0
30,30,66,41,44,260,150,0,0